id,first_name,last_name,email,phone,avatar_url,role,status,email_verified,_saved_at
8e345a16-4eb0-4f51-b1d7-6b897eabd19e,nwzdhB,DsHFrV,user3852@example.com,0812345678,https://cdn.example.com/avatars/123.jpg,customer,active,true,2026-07-23T08:57:25.404479400+00:00
cb17e886-592d-4810-ad71-fbd838d219a8,8lBRKT,245Rdp,user6604@example.com,0812345678,https://cdn.example.com/avatars/123.jpg,customer,active,true,2026-07-23T08:57:25.404511400+00:00
5c1084e4-6995-4db9-ad20-efcfb0219a1d,plcyUm,BZxyRK,user2742@example.com,0812345678,https://cdn.example.com/avatars/123.jpg,customer,active,true,2026-07-23T08:57:25.404524800+00:00
042c13d9-b274-40a0-8da3-3274da7f06ec,uYrRqS,EwSmFY,user9470@example.com,0812345678,https://cdn.example.com/avatars/123.jpg,customer,active,true,2026-07-23T08:57:25.404537700+00:00
7a9c8056-757a-45cb-8aa8-9baa6f40dbcf,xfXAju,MW2U9j,user3078@example.com,0812345678,https://cdn.example.com/avatars/123.jpg,customer,active,true,2026-07-23T08:57:25.404551900+00:00
e4175ee2-fcf8-47a0-8d93-803d7651c49d,u6IIN8,xeaYHz,user4706@example.com,0812345678,https://cdn.example.com/avatars/123.jpg,customer,active,true,2026-07-23T08:57:25.404566800+00:00
56878cf3-bb51-483d-8cfa-a236994083a4,8BiSqr,olc0Dj,user2386@example.com,0812345678,https://cdn.example.com/avatars/123.jpg,customer,active,true,2026-07-23T08:57:25.404581900+00:00
54810632-54ef-437a-9b80-a1a8d5714807,7FPvrI,1Izj5q,user1561@example.com,0812345678,https://cdn.example.com/avatars/123.jpg,customer,active,true,2026-07-23T08:57:25.404591100+00:00
146d9160-c5ee-43d4-86e8-f81e67add197,1xbz9J,WFVpy2,user4089@example.com,0812345678,https://cdn.example.com/avatars/123.jpg,customer,active,true,2026-07-23T08:57:25.404598200+00:00
13b92802-5272-4ee9-b9d4-43260a9c6202,r5pxl8,1AzXti,user9879@example.com,0812345678,https://cdn.example.com/avatars/123.jpg,customer,active,true,2026-07-23T08:57:25.404605200+00:00
37bf3365-8bc7-4af9-b63f-35bfe7c9ded6,4UcGXz,gCYetz,user2724@example.com,0812345678,https://cdn.example.com/avatars/123.jpg,customer,active,true,2026-07-23T08:57:25.404611900+00:00
45e857a5-cbe4-4177-806d-bbd7f9f9e2ce,5fld1l,tQrKzQ,user5122@example.com,0812345678,https://cdn.example.com/avatars/123.jpg,customer,active,true,2026-07-23T08:57:25.404620200+00:00
e9a0cb8b-668c-489b-b5c4-c340bad0e48f,zKjBDm,NzX3Pn,user1537@example.com,0812345678,https://cdn.example.com/avatars/123.jpg,customer,active,true,2026-07-23T08:57:25.404626700+00:00
be93c354-e551-434e-b4c0-a5471f2145fd,0uJY87,qUGrii,user6787@example.com,0812345678,https://cdn.example.com/avatars/123.jpg,customer,active,true,2026-07-23T08:57:25.404633400+00:00
3e07a955-df7a-4d8e-a481-956b41254567,uZJ4FF,PEcpcq,user2816@example.com,0812345678,https://cdn.example.com/avatars/123.jpg,customer,active,true,2026-07-23T08:57:25.404639900+00:00
f40a58ec-6eb5-4194-901f-f595aa385907,Xb3qni,vlPiPt,user5109@example.com,0812345678,https://cdn.example.com/avatars/123.jpg,customer,active,true,2026-07-23T08:57:25.404646800+00:00
1edd0a8d-d007-42ba-841c-a9a8831f7ce6,p1bs3V,qkiq2X,user2069@example.com,0812345678,https://cdn.example.com/avatars/123.jpg,customer,active,true,2026-07-23T08:57:25.404653900+00:00
59b34d3f-6031-4445-a944-22d846c4bb15,6EnNk6,XowwXH,user8410@example.com,0812345678,https://cdn.example.com/avatars/123.jpg,customer,active,true,2026-07-23T08:57:25.404660700+00:00
b517af88-8b34-4d58-8dfc-48a701e2f26e,Tl5wEn,S6BYDe,user5959@example.com,0812345678,https://cdn.example.com/avatars/123.jpg,customer,active,true,2026-07-23T08:57:25.404672600+00:00
2d9fdc99-5996-46bc-8581-fdbbd579cd4c,k297wF,omBqPS,user4153@example.com,0812345678,https://cdn.example.com/avatars/123.jpg,customer,active,true,2026-07-23T08:57:25.404694500+00:00
bebda600-1967-445c-a32a-54f3fefc0e41,Xmt0bH,EcjXtA,user5732@example.com,0812345678,https://cdn.example.com/avatars/123.jpg,customer,active,true,2026-07-23T08:57:25.404704700+00:00
7559f1f1-179a-42bf-8d68-52f32e2aaafd,bikjL4,M9NMJT,user9896@example.com,0812345678,https://cdn.example.com/avatars/123.jpg,customer,active,true,2026-07-23T08:57:25.404720200+00:00
99a3e7d9-beae-4c4a-865b-264cd7f36ead,wQESR7,gVh4E3,user7002@example.com,0812345678,https://cdn.example.com/avatars/123.jpg,customer,active,true,2026-07-23T08:57:25.404729+00:00
35fe6b9e-a2ef-4f67-89d4-4ddcafac7b6a,JOvj5J,Qqom6l,user8609@example.com,0812345678,https://cdn.example.com/avatars/123.jpg,customer,active,true,2026-07-23T08:57:25.404737100+00:00
1fec891a-80fd-4256-84ef-4efb3546ad98,p5ybpk,7gQ50s,user7595@example.com,0812345678,https://cdn.example.com/avatars/123.jpg,customer,active,true,2026-07-23T08:57:25.404745100+00:00
fbd57613-28dd-409e-a15b-824d862c17c5,6CrCnf,hUqKA7,user1120@example.com,0812345678,https://cdn.example.com/avatars/123.jpg,customer,active,true,2026-07-23T08:57:25.404753100+00:00
5d879bc0-537c-4bb2-a53b-f4dde4162137,Wsia1Q,0idigk,user4957@example.com,0812345678,https://cdn.example.com/avatars/123.jpg,customer,active,true,2026-07-23T08:57:25.404760800+00:00
0ede59cc-a09b-4f0c-bc60-d8a72e9b5c43,ek3HjP,vHnpYC,user3066@example.com,0812345678,https://cdn.example.com/avatars/123.jpg,customer,active,true,2026-07-23T08:57:25.404768700+00:00
5a5d6898-63d0-49fb-b549-897b05a5ec51,G010BY,c6I0aF,user1353@example.com,0812345678,https://cdn.example.com/avatars/123.jpg,customer,active,true,2026-07-23T08:57:25.404776500+00:00
da0fe7e4-a28f-4c2e-a28a-33fbd07863c1,w4ODw7,YXvsqh,user3867@example.com,0812345678,https://cdn.example.com/avatars/123.jpg,customer,active,true,2026-07-23T08:57:25.404784200+00:00
9718a867-4e52-4d08-9ddf-89eb1c795214,XJj5XD,XLwan7,user2327@example.com,0812345678,https://cdn.example.com/avatars/123.jpg,customer,active,true,2026-07-23T08:57:25.404791900+00:00
3014f62a-f2ed-435f-8084-afda4bce4a53,UssZjc,fXLPaT,user9543@example.com,0812345678,https://cdn.example.com/avatars/123.jpg,customer,active,true,2026-07-23T08:57:25.404799500+00:00
b80ac7ea-750b-435d-992a-968dedf80e91,njnKdr,dnx0OP,user9270@example.com,0812345678,https://cdn.example.com/avatars/123.jpg,customer,active,true,2026-07-23T08:57:25.404807500+00:00
9f1b21b4-f21b-47a4-a0cb-a9f2313f8cac,FLtRQe,7mIEdM,user1121@example.com,0812345678,https://cdn.example.com/avatars/123.jpg,customer,active,true,2026-07-23T08:57:25.404817500+00:00
9794f3a1-047f-47cb-b7e4-45926a763d1b,5RD4eI,qRIF66,user9621@example.com,0812345678,https://cdn.example.com/avatars/123.jpg,customer,active,true,2026-07-23T08:57:25.404825900+00:00
ad69743e-ddc3-4f27-a87b-804523248734,bDQx3p,ORKtrc,user9068@example.com,0812345678,https://cdn.example.com/avatars/123.jpg,customer,active,true,2026-07-23T08:57:25.404834200+00:00
93b38ff9-351a-49b9-9f3c-0cf625dac38b,1oI5YT,9YFEQJ,user1257@example.com,0812345678,https://cdn.example.com/avatars/123.jpg,customer,active,true,2026-07-23T08:57:25.404842100+00:00
8d378f5a-6345-4946-a13a-fa8ddc9e62ab,vGVo05,CUcNbg,user8133@example.com,0812345678,https://cdn.example.com/avatars/123.jpg,customer,active,true,2026-07-23T08:57:25.404850800+00:00
c0c119f4-eacf-463f-8968-a1b5f263ebd5,tYB9gZ,WDsRM6,user4345@example.com,0812345678,https://cdn.example.com/avatars/123.jpg,customer,active,true,2026-07-23T08:57:25.404858800+00:00
70c4ca0a-2903-433e-85c3-6457e8db26f5,4sr0iB,Uar3fi,user6724@example.com,0812345678,https://cdn.example.com/avatars/123.jpg,customer,active,true,2026-07-23T08:57:25.404866900+00:00
f0b0c64b-5a0f-4386-9d0e-8a608a6bb45c,XVQcJC,eIFAJO,user2196@example.com,0812345678,https://cdn.example.com/avatars/123.jpg,customer,active,true,2026-07-23T08:57:25.404874700+00:00
2a971a59-2c16-448d-a436-43a527b7bd95,QqqBSp,igdZQh,user2566@example.com,0812345678,https://cdn.example.com/avatars/123.jpg,customer,active,true,2026-07-23T08:57:25.404882600+00:00
a8f2612f-51aa-4b06-96e2-67689dfcae22,hcAnyY,jG3VoH,user5957@example.com,0812345678,https://cdn.example.com/avatars/123.jpg,customer,active,true,2026-07-23T08:57:25.404890800+00:00
8a1e721a-643b-441e-89cd-3f98c0c3c5ab,A9hcSk,QQXXrm,user8595@example.com,0812345678,https://cdn.example.com/avatars/123.jpg,customer,active,true,2026-07-23T08:57:25.404898800+00:00
356bea58-d3c9-41b3-b6e1-02dbfe2fca96,niRGfq,UwTBFt,user7740@example.com,0812345678,https://cdn.example.com/avatars/123.jpg,customer,active,true,2026-07-23T08:57:25.404906900+00:00
fd0dc68f-bfbc-42eb-8d0c-eaaff31ff160,ClsCv2,kpEuvT,user4618@example.com,0812345678,https://cdn.example.com/avatars/123.jpg,customer,active,true,2026-07-23T08:57:25.404914700+00:00
65cad6b9-2a2c-4027-b692-54cfe6c14814,ln1J0p,x1Ipc4,user2763@example.com,0812345678,https://cdn.example.com/avatars/123.jpg,customer,active,true,2026-07-23T08:57:25.405013600+00:00
3c5bab30-bd7a-43f3-82c4-0e6c9c6a1c87,vQHuIw,Wsn0iX,user4192@example.com,0812345678,https://cdn.example.com/avatars/123.jpg,customer,active,true,2026-07-23T08:57:25.405027+00:00
21a8af95-beb9-4726-b8b1-9d4d8663ef66,BHpClg,MvfGKT,user7722@example.com,0812345678,https://cdn.example.com/avatars/123.jpg,customer,active,true,2026-07-23T08:57:25.405033900+00:00
7cb56e42-c722-4cdd-9520-8ce5f729bd3a,PV1vEV,TW74Ln,user3346@example.com,0812345678,https://cdn.example.com/avatars/123.jpg,customer,active,true,2026-07-23T08:57:25.405040400+00:00
7cbd8064-8353-4dac-9c94-3d07d8dc8e4e,xQcCn5,LGoqpm,user9656@example.com,0812345678,https://cdn.example.com/avatars/123.jpg,customer,active,true,2026-07-23T08:57:25.405046900+00:00
a7d6ddb3-c6ee-488c-9766-a1d5f347f09c,Cfm169,BT6RFe,user8406@example.com,0812345678,https://cdn.example.com/avatars/123.jpg,customer,active,true,2026-07-23T08:57:25.405053500+00:00
ce4981de-e859-41ea-842f-e3aa9c84cfcb,SNcqVK,Asd6As,user6130@example.com,0812345678,https://cdn.example.com/avatars/123.jpg,customer,active,true,2026-07-23T08:57:25.405060+00:00
0c7fe64d-bcad-4c68-b7ee-604d6e49c55c,YlMLyk,pNyrfT,user1882@example.com,0812345678,https://cdn.example.com/avatars/123.jpg,customer,active,true,2026-07-23T08:57:25.405066600+00:00
18a3e5ff-eb0d-4efa-ae14-34229333c62a,tcuxHa,DOfRWN,user5237@example.com,0812345678,https://cdn.example.com/avatars/123.jpg,customer,active,true,2026-07-23T08:57:25.405074800+00:00
49201c5a-a9a6-4323-8e0d-239ad9e9845c,uQGjM5,7NO8ho,user4706@example.com,0812345678,https://cdn.example.com/avatars/123.jpg,customer,active,true,2026-07-23T08:57:25.405081200+00:00
fcf99682-a908-45c8-8d0b-cf667d395c69,njz5ot,EKJWfU,user4621@example.com,0812345678,https://cdn.example.com/avatars/123.jpg,customer,active,true,2026-07-23T08:57:25.405087500+00:00
576295c2-778a-4b3f-97be-eb1f61af4bba,kdqPxY,A6z44I,user8808@example.com,0812345678,https://cdn.example.com/avatars/123.jpg,customer,active,true,2026-07-23T08:57:25.405094+00:00
43c5fc9f-bde7-4c9f-8098-40ef9772dff5,ezHIZC,zbI0Xq,user3187@example.com,0812345678,https://cdn.example.com/avatars/123.jpg,customer,active,true,2026-07-23T08:57:25.405100400+00:00
fcc09ab9-e931-497a-a878-c1ea6effd821,tXgG7G,nZOdoN,user2375@example.com,0812345678,https://cdn.example.com/avatars/123.jpg,customer,active,true,2026-07-23T08:57:25.405106800+00:00
dc853754-ba28-4d2c-9d19-4b4144151ca4,WVdmY1,ARw5de,user8910@example.com,0812345678,https://cdn.example.com/avatars/123.jpg,customer,active,true,2026-07-23T08:57:25.405113800+00:00
020909e3-466d-430e-80c5-01ac585c41b6,UFq12P,eW5KbG,user4795@example.com,0812345678,https://cdn.example.com/avatars/123.jpg,customer,active,true,2026-07-23T08:57:25.405121200+00:00
99714773-872d-448d-9355-ca85b64a0a65,QQ1Kki,HzWrUp,user9246@example.com,0812345678,https://cdn.example.com/avatars/123.jpg,customer,active,true,2026-07-23T08:57:25.405130200+00:00
ed7016a4-b8cd-4d73-8705-28a598d46b02,AVgpWb,5TrhoL,user7356@example.com,0812345678,https://cdn.example.com/avatars/123.jpg,customer,active,true,2026-07-23T08:57:25.405139+00:00
a72307ae-3c1f-470d-b37f-8e58d8ce6a3b,6DgRNE,ESziND,user2838@example.com,0812345678,https://cdn.example.com/avatars/123.jpg,customer,active,true,2026-07-23T08:57:25.405149300+00:00
c78d6c59-9701-4b43-a5f4-9987075370f4,BRBGmh,buWyn3,user4413@example.com,0812345678,https://cdn.example.com/avatars/123.jpg,customer,active,true,2026-07-23T08:57:25.405159200+00:00
8ce8c3dc-0392-4f12-97d0-98b1cc143d04,SgCDAO,D1T99B,user2856@example.com,0812345678,https://cdn.example.com/avatars/123.jpg,customer,active,true,2026-07-23T08:57:25.405167900+00:00
b3f44326-ca6a-48c8-8bf1-7d114bd79f26,5SVuhS,LhwSnG,user5218@example.com,0812345678,https://cdn.example.com/avatars/123.jpg,customer,active,true,2026-07-23T08:57:25.405174600+00:00
71b4cf2b-e204-4999-83b5-5c976ecececb,yrJYVc,2sysuX,user2680@example.com,0812345678,https://cdn.example.com/avatars/123.jpg,customer,active,true,2026-07-23T08:57:25.405181200+00:00
94120f7f-56f7-4215-b62c-ce908c909cd3,xxXoHl,3AkZfd,user9685@example.com,0812345678,https://cdn.example.com/avatars/123.jpg,customer,active,true,2026-07-23T08:57:25.405187900+00:00
bd717c25-9f4e-4d8e-90a9-358df6286956,WbQLrg,4SAF5B,user1494@example.com,0812345678,https://cdn.example.com/avatars/123.jpg,customer,active,true,2026-07-23T08:57:25.405195+00:00
c9f143e0-2e78-4682-af3a-cff6a8cd4a83,9MMHh1,G6PmRZ,user2963@example.com,0812345678,https://cdn.example.com/avatars/123.jpg,customer,active,true,2026-07-23T08:57:25.405201400+00:00
4db05a1e-363e-4ec0-9a04-2ee3f5d9f3dc,2O935T,aZTAfM,user4754@example.com,0812345678,https://cdn.example.com/avatars/123.jpg,customer,active,true,2026-07-23T08:57:25.405208300+00:00
21349f89-290a-4c42-96ef-0fd8175842d1,2Ttwr7,V4dk8o,user6571@example.com,0812345678,https://cdn.example.com/avatars/123.jpg,customer,active,true,2026-07-23T08:57:25.405214800+00:00
c4e537a8-2390-4a69-a326-5094962db027,jl36CJ,681Utl,user8339@example.com,0812345678,https://cdn.example.com/avatars/123.jpg,customer,active,true,2026-07-23T08:57:25.405226300+00:00
cdaa4725-a7ee-41e9-af9c-5054bfb5c0b8,FKUGRI,7X45GG,user2624@example.com,0812345678,https://cdn.example.com/avatars/123.jpg,customer,active,true,2026-07-23T08:57:25.405242400+00:00
f3ea789d-3614-481e-b4cb-92035c86f312,mStLAu,IQIcub,user2851@example.com,0812345678,https://cdn.example.com/avatars/123.jpg,customer,active,true,2026-07-23T08:57:25.405255+00:00
dda7b554-97fb-4613-9356-03b2a44deddc,8XjGfr,lF6gqd,user4038@example.com,0812345678,https://cdn.example.com/avatars/123.jpg,customer,active,true,2026-07-23T08:57:25.405261900+00:00
324dd6fc-2f9f-4553-9261-b762eadf3043,tkfQa2,KSas5x,user8218@example.com,0812345678,https://cdn.example.com/avatars/123.jpg,customer,active,true,2026-07-23T08:57:25.405272800+00:00
560f8fdb-78be-4488-a830-e392ae7fbb5c,phTx9z,Q6GKX0,user6181@example.com,0812345678,https://cdn.example.com/avatars/123.jpg,customer,active,true,2026-07-23T08:57:25.405287800+00:00
f5d922b0-b1d0-4f44-b6cb-6e8dc8e83f6a,9IyVHk,mD8wQv,user7693@example.com,0812345678,https://cdn.example.com/avatars/123.jpg,customer,active,true,2026-07-23T08:57:25.405296+00:00
7b4019dd-c7f0-41dc-acea-49a4d456d519,Dys8i0,2cZbQY,user7720@example.com,0812345678,https://cdn.example.com/avatars/123.jpg,customer,active,true,2026-07-23T08:57:25.405302500+00:00
732c3aca-029e-4dc2-b5d6-94a49ff2fbe4,FeYEwt,AIleGf,user3662@example.com,0812345678,https://cdn.example.com/avatars/123.jpg,customer,active,true,2026-07-23T08:57:25.405309700+00:00
6b9e28d3-438e-480a-b5b9-c88efee2bf62,902nuS,cuPPZu,user7411@example.com,0812345678,https://cdn.example.com/avatars/123.jpg,customer,active,true,2026-07-23T08:57:25.405316+00:00
5c339490-313d-4c5c-92fb-9e3c2e8023fd,LVymkY,uzuP1L,user6099@example.com,0812345678,https://cdn.example.com/avatars/123.jpg,customer,active,true,2026-07-23T08:57:25.405322500+00:00
f93195e1-2e98-402b-b0a3-ea5e47696121,lie99p,axQDpO,user3972@example.com,0812345678,https://cdn.example.com/avatars/123.jpg,customer,active,true,2026-07-23T08:57:25.405329100+00:00
834d8be1-deee-496a-bd08-0380558cc831,ZoXkkS,GAZvYQ,user1620@example.com,0812345678,https://cdn.example.com/avatars/123.jpg,customer,active,true,2026-07-23T08:57:25.405335900+00:00
04a00663-ef67-4f1e-bd45-66a6a0633060,i6RgKW,pDnNl5,user1782@example.com,0812345678,https://cdn.example.com/avatars/123.jpg,customer,active,true,2026-07-23T08:57:25.405342600+00:00
d5817034-51cd-4deb-941d-93bba748e696,Wlmc80,H3hqPl,user7972@example.com,0812345678,https://cdn.example.com/avatars/123.jpg,customer,active,true,2026-07-23T08:57:25.405349200+00:00
6bf66097-5827-4f64-aec2-b1e627e3b2ba,vN1ZHC,KDFEBa,user8453@example.com,0812345678,https://cdn.example.com/avatars/123.jpg,customer,active,true,2026-07-23T08:57:25.405356+00:00
abde8c99-f02c-4516-ab1d-491cbe7a96b0,IN59xc,uLMOkK,user4257@example.com,0812345678,https://cdn.example.com/avatars/123.jpg,customer,active,true,2026-07-23T08:57:25.405362300+00:00
416421d8-9667-47a2-b487-0f69039dc95c,w4mYPp,smB6Hc,user6606@example.com,0812345678,https://cdn.example.com/avatars/123.jpg,customer,active,true,2026-07-23T08:57:25.405414300+00:00
e76bf25f-e554-483e-a6f6-2914ee2cc1a6,GM4tKN,o1xy8v,user1896@example.com,0812345678,https://cdn.example.com/avatars/123.jpg,customer,active,true,2026-07-23T08:57:25.405423600+00:00
e0128f12-cb9b-4e17-a82d-65f94e536c41,J9A0FR,xQfOZ6,user1172@example.com,0812345678,https://cdn.example.com/avatars/123.jpg,customer,active,true,2026-07-23T08:57:25.405430300+00:00
be9b0826-df6d-43b2-a815-007b17595d01,9tAXp2,icCGAF,user5280@example.com,0812345678,https://cdn.example.com/avatars/123.jpg,customer,active,true,2026-07-23T08:57:25.405437+00:00
eb5db416-d5dc-4be1-8540-b8255a9b011b,OCNrQH,MulQE7,user8056@example.com,0812345678,https://cdn.example.com/avatars/123.jpg,customer,active,true,2026-07-23T08:57:25.405443100+00:00
00cf9430-1e39-4931-927d-3030795ad073,SdqJrR,NUWz5e,user7970@example.com,0812345678,https://cdn.example.com/avatars/123.jpg,customer,active,true,2026-07-23T08:57:25.405450+00:00
b6b0e2d4-6489-4643-a70f-289ee5c984ae,BhHkag,Q4xVjP,user9884@example.com,0812345678,https://cdn.example.com/avatars/123.jpg,customer,active,true,2026-07-23T08:57:25.405457900+00:00
4faea624-f5c0-40e9-a4d9-2896467ae6cf,Ba4Zd8,pSxlmR,user5141@example.com,0812345678,https://cdn.example.com/avatars/123.jpg,customer,active,true,2026-07-23T08:57:25.405464200+00:00
ebfb05e5-0a90-47dc-8dfc-4750197d6320,i0h1C7,ttinYY,user5414@example.com,0812345678,https://cdn.example.com/avatars/123.jpg,customer,active,true,2026-07-23T08:57:25.405470500+00:00
